Season,Team,Gtm,Date,Home,Opp,Rslt,Team_pts,Opp_pts,OT,Team_FG,Team_FGA,Team_FG%,Team_3P,Team_3PA,Team_3P%,2P,2PA,2P%,eFG%,Team_FT,Team_FTA,Team_FT%,Team_ORB,DRB,Team_TRB,Team_AST,Team_STL,Team_BLK,Team_TOV,Team_PF,Opp_FG,Opp_FGA,Opp_FG%,Opp_3P,Opp_3PA,Opp_3P%,2P.1,2PA.1,2P%.1,eFG%.1,Opp_FT,Opp_FTA,Opp_FT%,Opp_ORB,DRB.1,Opp_TRB,Opp_AST,Opp_STL,Opp_BLK,Opp_TOV,Opp_PF
2022,DEN,1,2021-10-20,A,PHO,W,110,98,,44,83,.530,17,39,.436,27,44,.614,.633,5,9,.556,6,40,46,25,9,1,19,20,36,87,.414,14,37,.378,22,50,.440,.494,12,17,.706,11,34,45,23,9,3,18,18
2022,DEN,2,2021-10-22,H,SAS,W,102,96,,44,86,.512,9,30,.300,35,56,.625,.564,5,8,.625,8,33,41,26,10,2,21,21,40,84,.476,6,24,.250,34,60,.567,.512,10,14,.714,7,32,39,24,11,2,20,17
2022,DEN,3,2021-10-25,H,CLE,L,87,99,,35,86,.407,9,38,.237,26,48,.542,.459,8,12,.667,11,36,47,21,10,3,22,22,38,82,.463,7,25,.280,31,57,.544,.506,16,20,.800,11,38,49,26,8,5,16,18
2022,DEN,4,2021-10-26,A,UTA,L,110,122,,42,83,.506,10,28,.357,32,55,.582,.566,16,24,.667,5,30,35,19,9,3,13,23,44,85,.518,12,39,.308,32,46,.696,.588,22,29,.759,8,33,41,20,5,6,14,22
2022,DEN,5,2021-10-29,H,DAL,W,106,75,,43,83,.518,11,36,.306,32,47,.681,.584,9,13,.692,5,46,51,28,8,3,20,24,23,78,.295,8,37,.216,15,41,.366,.346,21,27,.778,6,30,36,14,8,3,15,17
2022,DEN,6,2021-10-30,A,MIN,W,93,91,,36,88,.409,9,37,.243,27,51,.529,.460,12,16,.750,14,34,48,24,11,10,18,15,35,89,.393,13,41,.317,22,48,.458,.466,8,9,.889,15,31,46,21,8,6,20,23
2022,DEN,7,2021-11-01,A,MEM,L,97,106,,39,88,.443,9,38,.237,30,50,.600,.494,10,15,.667,6,34,40,27,8,8,12,10,44,97,.454,13,34,.382,31,63,.492,.521,5,7,.714,11,44,55,20,8,4,13,18
2022,DEN,8,2021-11-03,A,MEM,L,106,108,,43,91,.473,8,27,.296,35,64,.547,.516,12,13,.923,11,33,44,24,7,4,12,16,42,81,.519,16,34,.471,26,47,.553,.617,8,14,.571,3,33,36,28,9,7,12,16
2022,DEN,9,2021-11-06,H,HOU,W,95,94,,36,89,.404,9,40,.225,27,49,.551,.455,14,17,.824,10,35,45,19,10,5,11,20,35,75,.467,8,28,.286,27,47,.574,.520,16,24,.667,7,40,47,19,8,6,17,16
2022,DEN,10,2021-11-08,H,MIA,W,113,96,,42,91,.462,12,41,.293,30,50,.600,.527,17,24,.708,12,37,49,28,7,5,10,23,31,78,.397,13,36,.361,18,42,.429,.481,21,25,.840,6,31,37,22,3,3,13,20
2022,DEN,11,2021-11-10,H,IND,W,101,98,,36,84,.429,12,30,.400,24,54,.444,.500,17,20,.850,11,28,39,19,5,4,10,14,40,84,.476,11,31,.355,29,53,.547,.542,7,11,.636,10,38,48,22,5,11,15,19
2022,DEN,12,2021-11-12,H,ATL,W,105,96,,40,90,.444,10,35,.286,30,55,.545,.500,15,20,.750,10,39,49,26,6,5,8,21,38,93,.409,5,28,.179,33,65,.508,.435,15,21,.714,14,36,50,20,2,5,8,20
2022,DEN,13,2021-11-14,H,POR,W,124,95,,47,90,.522,19,40,.475,28,50,.560,.628,11,14,.786,14,35,49,29,9,1,11,14,35,80,.438,13,39,.333,22,41,.537,.519,12,13,.923,8,28,36,22,8,4,13,15
2022,DEN,14,2021-11-15,A,DAL,L,101,111,,40,84,.476,9,32,.281,31,52,.596,.530,12,17,.706,10,36,46,20,4,5,12,16,45,90,.500,14,36,.389,31,54,.574,.578,7,10,.700,10,34,44,30,7,2,9,19
2022,DEN,15,2021-11-18,H,PHI,L,89,103,,32,89,.360,12,36,.333,20,53,.377,.427,13,16,.813,10,36,46,22,6,4,11,14,43,85,.506,11,29,.379,32,56,.571,.571,6,12,.500,6,39,45,22,5,7,10,18
2022,DEN,16,2021-11-19,H,CHI,L,108,114,,39,82,.476,14,37,.378,25,45,.556,.561,16,20,.800,7,31,38,24,5,5,14,22,41,93,.441,8,31,.258,33,62,.532,.484,24,24,1.000,17,33,50,19,7,3,11,20
2022,DEN,17,2021-11-21,A,PHO,L,97,126,,33,90,.367,11,38,.289,22,52,.423,.428,20,28,.714,12,30,42,20,5,1,10,22,46,87,.529,11,36,.306,35,51,.686,.592,23,26,.885,10,41,51,34,7,3,13,20
2022,DEN,18,2021-11-23,A,POR,L,100,119,,38,78,.487,15,33,.455,23,45,.511,.583,9,11,.818,7,30,37,26,6,5,19,15,45,88,.511,15,39,.385,30,49,.612,.597,14,20,.700,12,31,43,25,12,7,9,18
2022,DEN,19,2021-11-26,H,MIL,L,109,120,,40,92,.435,17,47,.362,23,45,.511,.527,12,14,.857,9,22,31,24,9,2,8,19,46,73,.630,16,33,.485,30,40,.750,.740,12,20,.600,5,39,44,24,3,7,22,14
2022,DEN,20,2021-11-29,A,MIA,W,120,111,,43,74,.581,18,35,.514,25,39,.641,.703,16,21,.762,5,30,35,32,2,1,13,18,43,91,.473,15,44,.341,28,47,.596,.555,10,15,.667,12,27,39,32,2,1,9,18
2022,DEN,21,2021-12-01,A,ORL,L,103,108,,39,80,.488,10,34,.294,29,46,.630,.550,15,21,.714,1,34,35,22,5,4,15,19,44,81,.543,6,27,.222,38,54,.704,.580,14,19,.737,1,38,39,26,8,6,13,15
2022,DEN,22,2021-12-04,A,NYK,W,113,99,,44,84,.524,20,43,.465,24,41,.585,.643,5,5,1.000,8,34,42,30,10,5,13,19,35,88,.398,12,40,.300,23,48,.479,.466,17,21,.810,16,24,40,23,7,3,11,12
2022,DEN,23,2021-12-06,A,CHI,L,97,109,,38,96,.396,11,32,.344,27,64,.422,.453,10,15,.667,11,39,50,30,5,2,11,17,41,91,.451,13,35,.371,28,56,.500,.522,14,20,.700,13,42,55,25,4,7,11,15
2022,DEN,24,2021-12-08,A,NOP,W,120,114,OT,45,88,.511,9,32,.281,36,56,.643,.563,21,27,.778,5,28,33,28,12,4,12,19,47,90,.522,11,30,.367,36,60,.600,.583,9,12,.750,10,36,46,32,8,5,25,22
2022,DEN,25,2021-12-09,A,SAS,L,111,123,,42,94,.447,15,39,.385,27,55,.491,.527,12,13,.923,5,28,33,29,7,5,9,21,46,88,.523,15,35,.429,31,53,.585,.608,16,22,.727,14,40,54,32,5,7,14,21
2022,DEN,26,2021-12-11,A,SAS,W,127,112,,47,93,.505,20,43,.465,27,50,.540,.613,13,14,.929,10,31,41,33,9,8,12,25,41,89,.461,10,27,.370,31,62,.500,.517,20,29,.690,14,31,45,28,4,4,17,18
2022,DEN,27,2021-12-13,H,WAS,W,113,107,,37,79,.468,10,32,.313,27,47,.574,.532,29,33,.879,4,45,49,26,8,2,13,19,41,90,.456,12,34,.353,29,56,.518,.522,13,21,.619,6,35,41,25,7,5,10,26
2022,DEN,28,2021-12-15,H,MIN,L,107,124,,38,84,.452,14,39,.359,24,45,.533,.536,17,23,.739,9,33,42,33,5,3,18,15,45,88,.511,23,48,.479,22,40,.550,.642,11,16,.688,6,33,39,24,10,5,12,23
2022,DEN,29,2021-12-17,A,ATL,W,133,115,,50,86,.581,17,38,.447,33,48,.688,.680,16,18,.889,4,34,38,35,9,7,17,22,41,88,.466,7,24,.292,34,64,.531,.506,26,34,.765,10,27,37,22,6,3,15,17
2022,DEN,30,2021-12-22,A,OKC,L,94,108,,33,84,.393,13,44,.295,20,40,.500,.470,15,26,.577,4,35,39,21,7,5,11,18,42,94,.447,8,34,.235,34,60,.567,.489,16,19,.842,15,45,60,22,7,4,11,25
2022,DEN,31,2021-12-23,H,CHO,L,107,115,,40,96,.417,14,40,.350,26,56,.464,.490,13,17,.765,10,44,54,23,7,2,15,22,39,94,.415,16,47,.340,23,47,.489,.500,21,24,.875,12,38,50,28,10,8,11,21
2022,DEN,32,2021-12-26,A,LAC,W,103,100,,39,95,.411,15,41,.366,24,54,.444,.489,10,11,.909,10,38,48,29,7,4,14,20,40,86,.465,8,26,.308,32,60,.533,.512,12,18,.667,8,38,46,26,8,7,14,22
2022,DEN,33,2021-12-28,A,GSW,W,89,86,,34,83,.410,8,33,.242,26,50,.520,.458,13,20,.650,13,31,44,24,10,5,16,19,30,72,.417,10,32,.313,20,40,.500,.486,16,31,.516,8,35,43,20,8,2,17,20
2022,DEN,34,2022-01-01,A,HOU,W,124,111,,46,86,.535,10,32,.313,36,54,.667,.593,22,27,.815,13,33,46,33,10,6,18,23,37,85,.435,16,42,.381,21,43,.488,.529,21,24,.875,13,23,36,20,10,4,18,24
2022,DEN,35,2022-01-03,A,DAL,L,89,103,,31,67,.463,6,25,.240,25,42,.595,.507,21,29,.724,11,36,47,21,6,1,26,24,35,78,.449,14,37,.378,21,41,.512,.538,19,21,.905,5,23,28,23,12,5,11,21
2022,DEN,36,2022-01-05,H,UTA,L,109,115,,42,88,.477,11,36,.306,31,52,.596,.540,14,15,.933,6,36,42,27,2,4,12,21,43,92,.467,14,41,.341,29,51,.569,.543,15,18,.833,8,36,44,22,7,4,7,18
2022,DEN,37,2022-01-07,H,SAC,W,121,111,,47,85,.553,12,34,.353,35,51,.686,.624,15,24,.625,5,36,41,32,5,7,8,20,40,92,.435,11,29,.379,29,63,.460,.495,20,24,.833,12,35,47,21,6,3,12,19
2022,DEN,38,2022-01-09,A,OKC,W,99,95,,37,89,.416,13,36,.361,24,53,.453,.489,12,16,.750,18,35,53,28,7,2,15,14,38,88,.432,9,38,.237,29,50,.580,.483,10,12,.833,11,30,41,29,9,7,9,13
2022,DEN,39,2022-01-11,A,LAC,L,85,87,,32,80,.400,4,33,.121,28,47,.596,.425,17,20,.850,13,43,56,24,4,2,20,19,34,84,.405,10,34,.294,24,50,.480,.464,9,12,.750,3,28,31,23,12,4,9,22
2022,DEN,40,2022-01-13,H,POR,W,140,108,,52,83,.627,21,42,.500,31,41,.756,.753,15,20,.750,6,34,40,35,7,3,16,25,39,86,.453,13,40,.325,26,46,.565,.529,17,28,.607,11,23,34,28,11,5,15,18
2022,DEN,41,2022-01-15,H,LAL,W,133,96,,47,91,.516,23,40,.575,24,51,.471,.643,16,17,.941,9,42,51,35,9,2,6,17,36,82,.439,10,30,.333,26,52,.500,.500,14,19,.737,8,33,41,21,4,3,11,15
2022,DEN,42,2022-01-16,H,UTA,L,102,125,,42,95,.442,11,43,.256,31,52,.596,.500,7,8,.875,6,33,39,32,5,2,9,22,44,84,.524,15,39,.385,29,45,.644,.613,22,29,.759,9,42,51,26,8,5,9,16
2022,DEN,43,2022-01-19,H,LAC,W,130,128,OT,48,98,.490,13,38,.342,35,60,.583,.556,21,25,.840,13,31,44,32,9,3,12,15,52,97,.536,15,39,.385,37,58,.638,.613,9,12,.750,12,35,47,35,6,3,14,24
2022,DEN,44,2022-01-21,H,MEM,L,118,122,,43,91,.473,13,32,.406,30,59,.508,.544,19,23,.826,10,27,37,34,6,6,13,25,43,82,.524,11,25,.440,32,57,.561,.591,25,40,.625,13,35,48,19,11,10,16,24
2022,DEN,45,2022-01-23,H,DET,W,117,111,,44,85,.518,12,35,.343,32,50,.640,.588,17,23,.739,8,26,34,29,8,1,13,22,42,75,.560,11,29,.379,31,46,.674,.633,16,19,.842,4,30,34,28,4,5,22,29
2022,DEN,46,2022-01-25,A,DET,W,110,105,,36,84,.429,11,32,.344,25,52,.481,.494,27,31,.871,16,40,56,25,7,1,25,17,41,97,.423,12,36,.333,29,61,.475,.485,11,14,.786,9,27,36,25,14,5,9,25
2022,DEN,47,2022-01-26,A,BRK,W,124,118,,42,89,.472,15,36,.417,27,53,.509,.556,25,27,.926,12,36,48,27,8,2,13,21,43,88,.489,12,29,.414,31,59,.525,.557,20,26,.769,6,32,38,26,6,3,12,25
2022,DEN,48,2022-01-28,A,NOP,W,116,105,,41,82,.500,12,33,.364,29,49,.592,.573,22,25,.880,9,34,43,29,9,4,21,22,35,90,.389,5,34,.147,30,56,.536,.417,30,33,.909,14,29,43,23,14,4,13,19
2022,DEN,49,2022-01-30,A,MIL,W,136,100,,53,88,.602,23,43,.535,30,45,.667,.733,7,10,.700,6,35,41,39,8,3,10,15,37,78,.474,10,30,.333,27,48,.563,.538,16,22,.727,6,26,32,23,6,3,15,10
2022,DEN,50,2022-02-01,A,MIN,L,115,130,,38,89,.427,14,44,.318,24,45,.533,.506,25,28,.893,10,36,46,27,7,4,12,17,46,93,.495,19,45,.422,27,48,.563,.597,19,25,.760,13,39,52,35,8,9,10,21
2022,DEN,51,2022-02-02,A,UTA,L,104,108,,42,79,.532,11,28,.393,31,51,.608,.601,9,12,.750,7,32,39,24,5,7,14,20,42,86,.488,7,29,.241,35,57,.614,.529,17,22,.773,8,29,37,21,8,4,8,12
2022,DEN,52,2022-02-04,H,NOP,L,105,113,,35,78,.449,19,41,.463,16,37,.432,.571,16,17,.941,7,24,31,22,9,4,15,20,42,75,.560,8,25,.320,34,50,.680,.613,21,23,.913,5,33,38,27,8,5,15,18
2022,DEN,53,2022-02-06,H,BRK,W,124,104,,49,94,.521,10,32,.313,39,62,.629,.574,16,21,.762,11,44,55,37,7,2,11,20,36,87,.414,16,41,.390,20,46,.435,.506,16,22,.727,8,28,36,24,8,9,10,19
2022,DEN,54,2022-02-08,H,NYK,W,132,115,,46,85,.541,16,39,.410,30,46,.652,.635,24,31,.774,12,40,52,31,5,1,13,18,45,101,.446,15,43,.349,30,58,.517,.520,10,12,.833,14,27,41,25,9,3,9,25
2022,DEN,55,2022-02-11,A,BOS,L,102,108,,39,90,.433,11,44,.250,28,46,.609,.494,13,18,.722,12,40,52,23,7,6,21,22,38,96,.396,10,37,.270,28,59,.475,.448,22,30,.733,18,36,54,24,13,8,12,20
2022,DEN,56,2022-02-12,A,TOR,W,110,109,,39,84,.464,14,37,.378,25,47,.532,.548,18,21,.857,12,38,50,28,5,3,18,16,43,88,.489,12,34,.353,31,54,.574,.557,11,17,.647,8,27,35,22,11,1,7,19
2022,DEN,57,2022-02-14,H,ORL,W,121,111,,42,88,.477,16,40,.400,26,48,.542,.568,21,23,.913,12,40,52,25,7,2,23,18,40,91,.440,11,39,.282,29,52,.558,.500,20,23,.870,11,31,42,24,16,5,15,19
2022,DEN,58,2022-02-16,A,GSW,W,117,116,,43,91,.473,14,36,.389,29,55,.527,.549,17,21,.810,12,36,48,27,5,1,19,18,45,87,.517,10,34,.294,35,53,.660,.575,16,24,.667,8,29,37,26,13,5,11,21
2022,DEN,59,2022-02-24,A,SAC,W,128,110,,48,86,.558,15,35,.429,33,51,.647,.645,17,20,.850,3,36,39,30,12,4,17,24,43,86,.500,9,29,.310,34,57,.596,.552,15,18,.833,6,28,34,25,5,8,15,17
2022,DEN,60,2022-02-26,H,SAC,W,115,110,,38,82,.463,16,43,.372,22,39,.564,.561,23,29,.793,4,41,45,29,5,2,15,25,38,89,.427,9,30,.300,29,59,.492,.478,25,33,.758,9,36,45,24,4,3,13,25
2022,DEN,61,2022-02-27,A,POR,W,124,92,,44,86,.512,12,37,.324,32,49,.653,.581,24,31,.774,8,47,55,28,9,5,15,20,34,91,.374,6,36,.167,28,55,.509,.407,18,26,.692,11,31,42,22,12,3,15,25
2022,DEN,62,2022-03-02,H,OKC,L,107,119,,40,90,.444,12,46,.261,28,44,.636,.511,15,17,.882,10,37,47,25,11,2,16,19,44,87,.506,16,29,.552,28,58,.483,.598,15,21,.714,9,41,50,24,11,6,15,15
2022,DEN,63,2022-03-04,H,HOU,W,116,101,,39,86,.453,13,33,.394,26,53,.491,.529,25,31,.806,10,31,41,27,10,4,10,21,38,83,.458,10,36,.278,28,47,.596,.518,15,22,.682,9,35,44,25,4,3,15,21
2022,DEN,64,2022-03-06,H,NOP,W,138,130,OT,47,87,.540,10,33,.303,37,54,.685,.598,34,43,.791,10,37,47,32,7,8,15,26,48,101,.475,14,33,.424,34,68,.500,.545,20,29,.690,14,35,49,30,9,4,14,30
2022,DEN,65,2022-03-07,H,GSW,W,131,124,,46,84,.548,10,32,.313,36,52,.692,.607,29,41,.707,7,34,41,39,8,5,9,25,45,88,.511,17,40,.425,28,48,.583,.608,17,23,.739,9,32,41,29,5,0,14,30
2022,DEN,66,2022-03-09,A,SAC,W,106,100,,40,82,.488,9,35,.257,31,47,.660,.543,17,19,.895,10,41,51,26,11,3,20,20,38,85,.447,12,34,.353,26,51,.510,.518,12,18,.667,8,30,38,24,11,5,16,22
2022,DEN,67,2022-03-10,H,GSW,L,102,113,,35,84,.417,7,31,.226,28,53,.528,.458,25,32,.781,12,37,49,19,5,6,13,20,42,88,.477,14,42,.333,28,46,.609,.557,15,20,.750,8,28,36,26,9,4,8,25
2022,DEN,68,2022-03-12,H,TOR,L,115,127,,43,78,.551,11,27,.407,32,51,.627,.622,18,24,.750,9,30,39,32,4,5,19,23,48,102,.471,12,31,.387,36,71,.507,.529,19,25,.760,23,27,50,28,12,6,8,23
2022,DEN,69,2022-03-14,A,PHI,W,114,110,,44,82,.537,13,33,.394,31,49,.633,.616,13,20,.650,6,36,42,29,8,3,14,24,36,84,.429,12,33,.364,24,51,.471,.500,26,32,.813,11,37,48,25,8,6,13,17
2022,DEN,70,2022-03-16,A,WAS,W,127,109,,46,90,.511,15,37,.405,31,53,.585,.594,20,21,.952,8,33,41,30,7,3,10,25,41,87,.471,5,23,.217,36,64,.563,.500,22,31,.710,13,35,48,26,7,8,11,18
2022,DEN,71,2022-03-18,A,CLE,L,116,119,OT,46,92,.500,10,33,.303,36,59,.610,.554,14,18,.778,13,38,51,35,6,3,19,24,44,98,.449,14,37,.378,30,61,.492,.520,17,26,.654,15,31,46,31,11,4,11,17
2022,DEN,72,2022-03-20,H,BOS,L,104,124,,35,87,.402,14,39,.359,21,48,.438,.483,20,25,.800,13,28,41,22,4,3,11,15,47,82,.573,19,40,.475,28,42,.667,.689,11,11,1.000,5,33,38,29,4,6,9,18
2022,DEN,73,2022-03-22,H,LAC,W,127,115,,45,83,.542,16,32,.500,29,51,.569,.639,21,23,.913,6,34,40,31,4,5,11,19,42,86,.488,10,32,.313,32,54,.593,.547,21,26,.808,6,29,35,27,3,7,6,19
2022,DEN,74,2022-03-24,H,PHO,L,130,140,,48,81,.593,15,32,.469,33,49,.673,.685,19,27,.704,10,27,37,27,5,2,17,22,52,86,.605,13,27,.481,39,59,.661,.680,23,29,.793,5,24,29,32,7,3,9,23
2022,DEN,75,2022-03-26,H,OKC,W,113,107,,41,85,.482,8,31,.258,33,54,.611,.529,23,24,.958,10,37,47,33,11,5,15,19,39,84,.464,14,36,.389,25,48,.521,.548,15,16,.938,5,31,36,29,8,5,17,19
2022,DEN,76,2022-03-28,A,CHO,W,113,109,,40,86,.465,12,33,.364,28,53,.528,.535,21,28,.750,17,34,51,29,7,3,16,17,44,93,.473,13,42,.310,31,51,.608,.543,8,12,.667,8,32,40,33,11,3,15,21
2022,DEN,77,2022-03-30,A,IND,W,125,118,,50,80,.625,12,28,.429,38,52,.731,.700,13,14,.929,8,35,43,33,6,4,20,20,44,97,.454,12,40,.300,32,57,.561,.515,18,23,.783,18,19,37,29,11,4,8,21
2022,DEN,78,2022-04-01,H,MIN,L,130,136,,46,86,.535,12,35,.343,34,51,.667,.605,26,29,.897,10,34,44,36,7,2,18,23,43,86,.500,19,40,.475,24,46,.522,.610,31,36,.861,10,28,38,26,14,4,12,23
2022,DEN,79,2022-04-03,A,LAL,W,129,118,,47,82,.573,12,31,.387,35,51,.686,.646,23,29,.793,6,32,38,33,10,5,12,18,49,92,.533,6,20,.300,43,72,.597,.565,14,21,.667,6,34,40,31,4,5,13,25
2022,DEN,80,2022-04-05,H,SAS,L,97,116,,41,98,.418,7,33,.212,34,65,.523,.454,8,12,.667,10,41,51,22,4,2,11,19,44,89,.494,12,26,.462,32,63,.508,.562,16,24,.667,5,43,48,31,6,3,11,14
2022,DEN,81,2022-04-07,H,MEM,W,122,109,,44,80,.550,12,30,.400,32,50,.640,.625,22,25,.880,8,35,43,27,7,2,19,22,42,89,.472,11,28,.393,31,61,.508,.534,14,19,.737,10,24,34,30,8,3,13,21
2022,DEN,82,2022-04-10,H,LAL,L,141,146,OT,49,100,.490,15,47,.319,34,53,.642,.565,28,36,.778,11,34,45,33,10,7,14,34,44,94,.468,16,43,.372,28,51,.549,.553,42,47,.894,13,37,50,26,4,6,13,24
2023,DEN,1,2022-10-19,A,UTA,L,102,123,,40,83,.482,5,22,.227,35,61,.574,.512,17,18,.944,10,25,35,21,10,3,21,23,42,83,.506,16,38,.421,26,45,.578,.602,23,31,.742,11,32,43,27,10,1,20,21
2023,DEN,2,2022-10-21,A,GSW,W,128,123,,46,86,.535,15,34,.441,31,52,.596,.622,21,25,.840,12,29,41,30,10,2,20,22,42,88,.477,15,44,.341,27,44,.614,.563,24,27,.889,7,28,35,34,10,3,19,23
2023,DEN,3,2022-10-22,H,OKC,W,122,117,,42,85,.494,20,38,.526,22,47,.468,.612,18,31,.581,9,37,46,33,5,6,18,21,42,94,.447,15,38,.395,27,56,.482,.527,18,23,.783,10,37,47,29,10,5,13,27
2023,DEN,4,2022-10-24,A,POR,L,110,135,,45,91,.495,12,31,.387,33,60,.550,.560,8,14,.571,10,28,38,28,4,1,8,28,48,83,.578,16,35,.457,32,48,.667,.675,23,31,.742,9,36,45,23,3,6,10,15
2023,DEN,5,2022-10-26,H,LAL,W,110,99,,42,92,.457,9,34,.265,33,58,.569,.505,17,21,.810,9,45,54,34,12,5,11,17,40,90,.444,8,30,.267,32,60,.533,.489,11,16,.688,7,40,47,25,8,4,14,16
2023,DEN,6,2022-10-28,H,UTA,W,117,101,,39,85,.459,17,37,.459,22,48,.458,.559,22,34,.647,17,41,58,18,2,4,12,18,38,91,.418,10,39,.256,28,52,.538,.473,15,19,.789,8,30,38,24,7,8,10,30
2023,DEN,7,2022-10-30,A,LAL,L,110,121,,41,96,.427,15,40,.375,26,56,.464,.505,13,18,.722,13,35,48,24,3,8,9,15,46,96,.479,13,30,.433,33,66,.500,.547,16,20,.800,13,38,51,24,5,5,9,17
2023,DEN,8,2022-11-03,A,OKC,W,122,110,,45,84,.536,18,31,.581,27,53,.509,.643,14,16,.875,8,39,47,32,5,2,20,15,45,93,.484,6,29,.207,39,64,.609,.516,14,19,.737,10,30,40,19,9,5,10,19
2023,DEN,9,2022-11-05,H,SAS,W,126,101,,53,87,.609,15,29,.517,38,58,.655,.695,5,10,.500,10,37,47,37,10,0,18,15,39,80,.488,12,30,.400,27,50,.540,.563,11,19,.579,6,22,28,28,8,3,15,13
2023,DEN,10,2022-11-07,A,SAS,W,115,109,,47,88,.534,8,24,.333,39,64,.609,.580,13,20,.650,8,32,40,33,14,7,22,14,43,82,.524,12,33,.364,31,49,.633,.598,11,18,.611,10,28,38,31,14,5,24,17
2023,DEN,11,2022-11-09,A,IND,W,122,119,,43,88,.489,12,28,.429,31,60,.517,.557,24,26,.923,11,36,47,27,10,7,22,15,45,96,.469,14,42,.333,31,54,.574,.542,15,19,.789,11,33,44,28,9,5,18,23
2023,DEN,12,2022-11-11,A,BOS,L,112,131,,42,92,.457,12,29,.414,30,63,.476,.522,16,20,.800,11,27,38,26,3,1,6,16,50,90,.556,16,37,.432,34,53,.642,.644,15,20,.750,10,36,46,30,3,5,7,19
2023,DEN,13,2022-11-13,A,CHI,W,126,103,,48,80,.600,13,27,.481,35,53,.660,.681,17,21,.810,5,31,36,33,11,3,16,17,40,81,.494,6,22,.273,34,59,.576,.531,17,21,.810,8,28,36,24,9,4,19,19
2023,DEN,14,2022-11-16,H,NYK,L,103,106,,36,82,.439,14,38,.368,22,44,.500,.524,17,20,.850,8,34,42,18,3,5,15,25,37,84,.440,8,34,.235,29,50,.580,.488,24,31,.774,6,34,40,24,12,5,8,18
2023,DEN,15,2022-11-18,A,DAL,L,99,127,,38,90,.422,10,30,.333,28,60,.467,.478,13,18,.722,13,23,36,24,4,1,13,20,46,77,.597,13,32,.406,33,45,.733,.682,22,28,.786,6,38,44,29,5,3,10,19
2023,DEN,16,2022-11-20,A,DAL,W,98,97,,37,78,.474,9,27,.333,28,51,.549,.532,15,19,.789,4,40,44,22,10,5,16,20,35,78,.449,15,42,.357,20,36,.556,.545,12,21,.571,6,30,36,24,5,3,13,18
2023,DEN,17,2022-11-22,H,DET,L,108,110,,43,86,.500,5,19,.263,38,67,.567,.529,17,26,.654,15,27,42,28,7,8,18,21,45,88,.511,8,28,.286,37,60,.617,.557,12,14,.857,12,28,40,27,7,5,16,24
2023,DEN,18,2022-11-23,A,OKC,W,131,126,OT,42,88,.477,14,38,.368,28,50,.560,.557,33,41,.805,17,38,55,31,4,8,19,24,42,97,.433,18,40,.450,24,57,.421,.526,24,28,.857,12,27,39,26,6,7,10,27
2023,DEN,19,2022-11-25,A,LAC,W,114,104,,44,89,.494,10,30,.333,34,59,.576,.551,16,23,.696,10,27,37,27,9,5,6,24,37,68,.544,11,22,.500,26,46,.565,.625,19,34,.559,4,29,33,22,1,5,14,20
2023,DEN,20,2022-11-28,H,HOU,W,129,113,,50,88,.568,12,30,.400,38,58,.655,.636,17,20,.850,13,30,43,31,8,4,14,22,39,85,.459,16,44,.364,23,41,.561,.553,19,25,.760,12,25,37,25,4,2,17,20
2023,DEN,21,2022-11-30,H,HOU,W,120,100,,44,83,.530,17,32,.531,27,51,.529,.633,15,20,.750,8,34,42,30,6,8,12,21,37,88,.420,12,41,.293,25,47,.532,.489,14,18,.778,10,29,39,18,5,6,14,20
2023,DEN,22,2022-12-02,A,ATL,L,109,117,,45,85,.529,12,32,.375,33,53,.623,.600,7,13,.538,9,24,33,31,8,0,16,12,49,88,.557,10,28,.357,39,60,.650,.614,9,14,.643,12,31,43,24,7,3,12,14
2023,DEN,23,2022-12-04,A,NOP,L,106,121,,41,81,.506,8,31,.258,33,50,.660,.556,16,24,.667,9,34,43,24,5,5,19,22,41,81,.506,11,26,.423,30,55,.545,.574,28,36,.778,6,30,36,29,10,5,11,22
2023,DEN,24,2022-12-06,H,DAL,L,115,116,,40,78,.513,13,32,.406,27,46,.587,.596,22,28,.786,8,28,36,30,8,4,17,28,36,72,.500,17,36,.472,19,36,.528,.618,27,31,.871,4,31,35,27,10,4,17,32
2023,DEN,25,2022-12-08,A,POR,W,121,120,,47,91,.516,12,30,.400,35,61,.574,.582,15,22,.682,16,32,48,28,6,5,16,16,44,91,.484,16,40,.400,28,51,.549,.571,16,16,1.000,13,25,38,30,10,3,13,20
2023,DEN,26,2022-12-10,H,UTA,W,115,110,,47,86,.547,8,26,.308,39,60,.650,.593,13,16,.813,6,33,39,28,5,8,9,17,39,85,.459,15,41,.366,24,44,.545,.547,17,21,.810,10,32,42,20,5,6,14,20
2023,DEN,27,2022-12-14,H,WAS,W,141,128,,54,83,.651,4,16,.250,50,67,.746,.675,29,35,.829,7,38,45,31,8,7,19,17,48,91,.527,19,39,.487,29,52,.558,.632,13,23,.565,4,20,24,40,10,5,14,28
2023,DEN,28,2022-12-16,A,LAL,L,108,126,,39,81,.481,9,27,.333,30,54,.556,.537,21,28,.750,9,30,39,25,7,4,19,17,48,91,.527,12,33,.364,36,58,.621,.593,18,24,.750,11,34,45,29,11,4,15,21
2023,DEN,29,2022-12-18,H,CHO,W,119,115,,43,94,.457,11,33,.333,32,61,.525,.516,22,34,.647,15,40,55,33,6,3,14,17,41,96,.427,12,38,.316,29,58,.500,.490,21,23,.913,12,36,48,26,7,7,11,26
2023,DEN,30,2022-12-20,H,MEM,W,105,91,,40,89,.449,10,27,.370,30,62,.484,.506,15,25,.600,13,35,48,28,9,5,17,19,36,81,.444,5,26,.192,31,55,.564,.475,14,21,.667,7,35,42,25,11,7,16,21
2023,DEN,31,2022-12-23,H,POR,W,120,107,,47,81,.580,10,21,.476,37,60,.617,.642,16,26,.615,4,34,38,31,9,2,11,19,39,87,.448,9,35,.257,30,52,.577,.500,20,26,.769,13,30,43,24,5,3,14,21
2023,DEN,32,2022-12-25,H,PHO,W,128,125,OT,45,94,.479,13,36,.361,32,58,.552,.548,25,34,.735,12,36,48,29,8,4,13,23,45,94,.479,17,35,.486,28,59,.475,.569,18,26,.692,12,34,46,32,7,9,14,30
2023,DEN,33,2022-12-27,A,SAC,W,113,106,,41,86,.477,13,37,.351,28,49,.571,.552,18,21,.857,10,30,40,34,12,3,13,18,40,82,.488,10,35,.286,30,47,.638,.549,16,19,.842,8,31,39,20,8,2,16,18
2023,DEN,34,2022-12-28,A,SAC,L,126,127,,49,85,.576,12,27,.444,37,58,.638,.647,16,18,.889,7,27,34,31,6,8,16,24,47,89,.528,14,31,.452,33,58,.569,.607,19,25,.760,11,23,34,32,10,6,12,17
2023,DEN,35,2022-12-30,H,MIA,W,124,119,,45,76,.592,17,28,.607,28,48,.583,.704,17,22,.773,5,31,36,34,6,1,20,19,39,87,.448,14,35,.400,25,52,.481,.529,27,30,.900,11,25,36,21,13,4,15,19
2023,DEN,36,2023-01-01,H,BOS,W,123,111,,45,79,.570,17,30,.567,28,49,.571,.677,16,18,.889,1,34,35,31,5,4,17,17,40,87,.460,9,33,.273,31,54,.574,.511,22,27,.815,10,31,41,30,8,3,13,15
2023,DEN,37,2023-01-02,A,MIN,L,111,124,,42,91,.462,11,29,.379,31,62,.500,.522,16,20,.800,18,27,45,27,8,1,15,21,45,87,.517,13,36,.361,32,51,.627,.592,21,27,.778,11,30,41,29,7,4,12,22
2023,DEN,38,2023-01-05,H,LAC,W,122,91,,45,89,.506,14,36,.389,31,53,.585,.584,18,21,.857,10,47,57,28,6,5,12,16,34,91,.374,5,37,.135,29,54,.537,.401,18,25,.720,8,33,41,24,7,3,8,14
2023,DEN,39,2023-01-06,H,CLE,W,121,108,,43,81,.531,17,35,.486,26,46,.565,.636,18,23,.783,13,36,49,28,5,4,14,23,40,88,.455,10,26,.385,30,62,.484,.511,18,32,.563,18,22,40,30,7,5,7,18
2023,DEN,40,2023-01-09,H,LAL,W,122,109,,46,99,.465,15,42,.357,31,57,.544,.540,15,17,.882,14,41,55,29,7,11,17,19,41,93,.441,8,28,.286,33,65,.508,.484,19,25,.760,11,33,44,20,12,2,14,14
2023,DEN,41,2023-01-11,H,PHO,W,126,97,,48,85,.565,15,34,.441,33,51,.647,.653,15,21,.714,7,31,38,30,9,4,11,20,39,90,.433,9,32,.281,30,58,.517,.483,10,14,.714,15,29,44,28,4,2,20,17
2023,DEN,42,2023-01-13,A,LAC,W,115,103,,41,82,.500,14,33,.424,27,49,.551,.585,19,25,.760,10,33,43,24,7,4,11,11,41,87,.471,10,29,.345,31,58,.534,.529,11,14,.786,11,32,43,20,6,3,12,18
2023,DEN,43,2023-01-15,H,ORL,W,119,116,,48,89,.539,13,39,.333,35,50,.700,.612,10,19,.526,12,29,41,32,10,5,16,22,41,84,.488,7,29,.241,34,55,.618,.530,27,34,.794,10,29,39,24,7,2,13,17
2023,DEN,44,2023-01-17,H,POR,W,122,113,,44,88,.500,11,32,.344,33,56,.589,.563,23,28,.821,11,31,42,32,8,6,12,15,38,83,.458,13,40,.325,25,43,.581,.536,24,25,.960,5,30,35,21,3,4,13,24
2023,DEN,45,2023-01-18,H,MIN,W,122,118,,45,85,.529,8,21,.381,37,64,.578,.576,24,32,.750,8,26,34,27,10,2,16,19,42,81,.519,12,32,.375,30,49,.612,.593,22,28,.786,12,24,36,26,6,10,19,27
2023,DEN,46,2023-01-20,H,IND,W,134,111,,51,83,.614,14,28,.500,37,55,.673,.699,18,26,.692,12,26,38,38,16,4,18,28,37,84,.440,8,32,.250,29,52,.558,.488,29,37,.784,16,23,39,23,7,2,21,18
2023,DEN,47,2023-01-22,H,OKC,L,99,101,,36,82,.439,10,28,.357,26,54,.481,.500,17,33,.515,10,32,42,22,7,5,9,16,40,89,.449,7,26,.269,33,63,.524,.489,14,16,.875,14,36,50,21,4,5,8,24
2023,DEN,48,2023-01-24,A,NOP,W,99,98,,39,80,.488,11,33,.333,28,47,.596,.556,10,13,.769,7,27,34,27,8,5,12,20,38,85,.447,5,26,.192,33,59,.559,.476,17,20,.850,14,29,43,18,5,3,16,14
2023,DEN,49,2023-01-25,A,MIL,L,99,107,,38,97,.392,11,34,.324,27,63,.429,.448,12,16,.750,15,36,51,21,9,5,19,21,37,78,.474,13,30,.433,24,48,.500,.558,20,28,.714,7,42,49,16,11,7,23,15
2023,DEN,50,2023-01-28,A,PHI,L,119,126,,44,81,.543,14,34,.412,30,47,.638,.630,17,20,.850,6,30,36,28,6,6,14,14,46,89,.517,18,35,.514,28,54,.519,.618,16,24,.667,12,27,39,31,10,2,11,15
2023,DEN,51,2023-01-31,H,NOP,W,122,113,,43,87,.494,16,36,.444,27,51,.529,.586,20,24,.833,10,34,44,33,7,3,18,21,42,85,.494,8,27,.296,34,58,.586,.541,21,25,.840,8,28,36,28,13,2,15,24
2023,DEN,52,2023-02-02,H,GSW,W,134,117,,51,90,.567,16,35,.457,35,55,.636,.656,16,21,.762,7,31,38,35,10,2,13,19,43,85,.506,19,38,.500,24,47,.511,.618,12,19,.632,10,32,42,25,4,4,17,23
2023,DEN,53,2023-02-04,H,ATL,W,128,108,,48,95,.505,15,38,.395,33,57,.579,.584,17,20,.850,12,36,48,32,14,6,13,15,44,91,.484,6,20,.300,38,71,.535,.516,14,17,.824,10,33,43,26,7,7,16,18
2023,DEN,54,2023-02-05,A,MIN,L,98,128,,34,71,.479,6,25,.240,28,46,.609,.521,24,31,.774,3,34,37,19,6,5,22,23,48,87,.552,10,27,.370,38,60,.633,.609,22,30,.733,5,29,34,33,7,3,11,23
2023,DEN,55,2023-02-07,H,MIN,W,146,112,,58,93,.624,13,27,.481,45,66,.682,.694,17,22,.773,6,38,44,44,12,5,11,21,40,85,.471,10,35,.286,30,50,.600,.529,22,26,.846,8,28,36,24,6,7,17,16
2023,DEN,56,2023-02-09,A,ORL,L,104,115,,39,84,.464,10,33,.303,29,51,.569,.524,16,24,.667,7,32,39,24,6,5,16,15,47,97,.485,9,27,.333,38,70,.543,.531,12,19,.632,15,32,47,24,12,6,10,16
2023,DEN,57,2023-02-11,A,CHO,W,119,105,,50,99,.505,5,23,.217,45,76,.592,.530,14,17,.824,14,37,51,35,7,5,14,20,40,85,.471,8,32,.250,32,53,.604,.518,17,29,.586,5,32,37,25,11,8,14,18
2023,DEN,58,2023-02-13,A,MIA,W,112,108,,44,76,.579,11,28,.393,33,48,.688,.651,13,15,.867,6,33,39,34,3,4,13,18,39,89,.438,12,35,.343,27,54,.500,.506,18,20,.900,9,25,34,25,9,4,9,14
2023,DEN,59,2023-02-15,H,DAL,W,118,109,,48,84,.571,11,31,.355,37,53,.698,.637,11,15,.733,6,37,43,34,7,5,13,14,39,84,.464,14,39,.359,25,45,.556,.548,17,20,.850,6,25,31,25,8,3,12,13
2023,DEN,60,2023-02-23,A,CLE,W,115,109,,39,84,.464,17,36,.472,22,48,.458,.565,20,23,.870,18,29,47,30,7,4,16,20,43,90,.478,6,26,.231,37,64,.578,.511,17,20,.850,13,28,41,24,10,2,11,21
2023,DEN,61,2023-02-25,A,MEM,L,94,112,,36,89,.404,11,37,.297,25,52,.481,.466,11,14,.786,11,37,48,22,4,4,15,13,45,95,.474,15,44,.341,30,51,.588,.553,7,8,.875,11,39,50,25,10,3,12,13
2023,DEN,62,2023-02-26,H,LAC,W,134,124,OT,49,96,.510,13,39,.333,36,57,.632,.578,23,31,.742,11,39,50,35,10,3,16,23,44,90,.489,11,34,.324,33,56,.589,.550,25,30,.833,6,32,38,24,11,5,13,25
2023,DEN,63,2023-02-28,A,HOU,W,133,112,,53,92,.576,16,37,.432,37,55,.673,.663,11,16,.688,11,32,43,40,8,5,11,10,48,97,.495,9,31,.290,39,66,.591,.541,7,10,.700,10,30,40,33,5,6,13,16
2023,DEN,64,2023-03-03,H,MEM,W,113,97,,40,87,.460,8,31,.258,32,56,.571,.506,25,31,.806,13,40,53,28,6,5,10,21,31,84,.369,11,32,.344,20,52,.385,.435,24,31,.774,10,30,40,24,6,6,11,24
2023,DEN,65,2023-03-06,H,TOR,W,118,113,,43,86,.500,13,33,.394,30,53,.566,.576,19,23,.826,12,29,41,30,9,2,14,12,43,86,.500,10,27,.370,33,59,.559,.558,17,20,.850,11,30,41,29,6,4,15,20
2023,DEN,66,2023-03-08,H,CHI,L,96,117,,37,88,.420,15,40,.375,22,48,.458,.506,7,15,.467,11,33,44,26,5,2,11,16,46,89,.517,8,24,.333,38,65,.585,.562,17,18,.944,9,41,50,26,9,2,9,16
2023,DEN,67,2023-03-10,A,SAS,L,120,128,,44,90,.489,13,35,.371,31,55,.564,.561,19,20,.950,8,25,33,32,14,4,14,14,51,94,.543,13,33,.394,38,61,.623,.612,13,17,.765,13,37,50,31,10,0,19,20
2023,DEN,68,2023-03-12,H,BRK,L,120,122,,45,90,.500,12,31,.387,33,59,.559,.567,18,24,.750,15,34,49,27,4,8,15,19,42,84,.500,17,44,.386,25,40,.625,.601,21,24,.875,4,24,28,32,11,2,10,21
2023,DEN,69,2023-03-14,A,TOR,L,110,125,,42,76,.553,6,25,.240,36,51,.706,.592,20,25,.800,4,28,32,29,9,4,14,17,49,93,.527,12,30,.400,37,63,.587,.591,15,17,.882,14,30,44,25,10,2,11,18
2023,DEN,70,2023-03-16,A,DET,W,119,100,,47,89,.528,8,24,.333,39,65,.600,.573,17,25,.680,13,34,47,29,9,7,10,15,39,85,.459,12,27,.444,27,58,.466,.529,10,18,.556,13,24,37,24,8,3,17,20
2023,DEN,71,2023-03-18,A,NYK,L,110,116,,43,84,.512,12,33,.364,31,51,.608,.583,12,15,.800,6,27,33,30,3,2,13,21,41,83,.494,9,32,.281,32,51,.627,.548,25,28,.893,15,28,43,23,9,4,12,16
2023,DEN,72,2023-03-19,A,BRK,W,108,102,,42,80,.525,12,23,.522,30,57,.526,.600,12,13,.923,6,34,40,31,5,3,17,17,38,82,.463,12,35,.343,26,47,.553,.537,14,16,.875,9,24,33,26,10,3,12,16
2023,DEN,73,2023-03-22,A,WAS,W,118,104,,42,83,.506,15,32,.469,27,51,.529,.596,19,21,.905,11,30,41,28,7,2,10,18,44,87,.506,4,26,.154,40,61,.656,.529,12,16,.750,10,27,37,20,4,4,7,15
2023,DEN,74,2023-03-25,H,MIL,W,129,106,,47,89,.528,15,36,.417,32,53,.604,.612,20,28,.714,7,41,48,28,4,3,12,18,39,88,.443,9,36,.250,30,52,.577,.494,19,21,.905,4,36,40,26,7,2,10,19
2023,DEN,75,2023-03-27,H,PHI,W,116,111,,43,85,.506,11,32,.344,32,53,.604,.571,19,22,.864,10,32,42,34,8,4,12,16,43,89,.483,8,30,.267,35,59,.593,.528,17,22,.773,11,29,40,18,10,3,11,20
2023,DEN,76,2023-03-30,H,NOP,L,88,107,,32,80,.400,4,28,.143,28,52,.538,.425,20,32,.625,11,29,40,21,4,5,10,21,38,80,.475,13,27,.481,25,53,.472,.556,18,22,.818,8,38,46,22,6,1,12,24
2023,DEN,77,2023-03-31,A,PHO,L,93,100,,38,95,.400,6,26,.231,32,69,.464,.432,11,20,.550,15,36,51,19,11,5,11,16,37,88,.420,10,27,.370,27,61,.443,.477,16,21,.762,13,38,51,28,8,7,16,16
2023,DEN,78,2023-04-02,H,GSW,W,112,110,,44,100,.440,9,33,.273,35,67,.522,.485,15,18,.833,17,30,47,24,11,7,13,17,42,105,.400,9,42,.214,33,63,.524,.443,17,17,1.000,22,35,57,26,9,4,15,22
2023,DEN,79,2023-04-04,A,HOU,L,103,124,,41,87,.471,11,36,.306,30,51,.588,.534,10,18,.556,13,34,47,26,9,13,20,18,47,102,.461,12,31,.387,35,71,.493,.520,18,24,.750,20,35,55,23,12,3,13,16
2023,DEN,80,2023-04-06,A,PHO,L,115,119,,44,83,.530,8,23,.348,36,60,.600,.578,19,23,.826,9,29,38,24,7,2,13,19,41,79,.519,17,36,.472,24,43,.558,.627,20,25,.800,7,26,33,26,4,6,10,16
2023,DEN,81,2023-04-08,A,UTA,L,114,118,,41,90,.456,15,46,.326,26,44,.591,.539,17,24,.708,5,36,41,32,7,9,14,20,44,100,.440,11,35,.314,33,65,.508,.495,19,23,.826,17,42,59,30,9,2,16,18
2023,DEN,82,2023-04-09,H,SAC,W,109,95,,42,84,.500,7,28,.250,35,56,.625,.542,18,25,.720,15,36,51,25,11,2,20,15,37,85,.435,11,43,.256,26,42,.619,.500,10,15,.667,10,24,34,24,7,6,15,18
2024,DEN,1,2023-10-24,H,LAL,W,119,107,,48,91,.527,14,34,.412,34,57,.596,.604,9,12,.750,9,33,42,29,9,6,12,15,41,90,.456,10,29,.345,31,61,.508,.511,15,20,.750,13,31,44,23,5,4,12,18
2024,DEN,2,2023-10-27,A,MEM,W,108,104,,41,88,.466,14,37,.378,27,51,.529,.545,12,18,.667,6,34,40,27,11,10,19,18,37,85,.435,10,33,.303,27,52,.519,.494,20,24,.833,13,35,48,22,13,7,21,23
2024,DEN,3,2023-10-29,A,OKC,W,128,95,,53,88,.602,11,27,.407,42,61,.689,.665,11,13,.846,10,38,48,34,8,5,13,21,37,90,.411,6,32,.188,31,58,.534,.444,15,18,.833,7,22,29,22,8,4,10,14
2024,DEN,4,2023-10-30,H,UTA,W,110,102,,47,84,.560,9,28,.321,38,56,.679,.613,7,17,.412,7,36,43,32,4,8,13,14,42,98,.429,11,37,.297,31,61,.508,.485,7,15,.467,17,34,51,30,6,2,13,21
2024,DEN,5,2023-11-01,A,MIN,L,89,110,,38,96,.396,6,33,.182,32,63,.508,.427,7,10,.700,12,31,43,23,6,10,16,22,38,83,.458,8,21,.381,30,62,.484,.506,26,27,.963,8,39,47,20,9,5,14,15
2024,DEN,6,2023-11-03,H,DAL,W,125,114,,49,93,.527,13,30,.433,36,63,.571,.597,14,19,.737,19,32,51,33,11,6,20,17,41,86,.477,17,42,.405,24,44,.545,.576,15,17,.882,10,24,34,27,12,6,15,19
2024,DEN,7,2023-11-04,H,CHI,W,123,101,,42,81,.519,16,36,.444,26,45,.578,.617,23,30,.767,10,39,49,31,10,4,12,18,39,86,.453,7,26,.269,32,60,.533,.494,16,23,.696,9,28,37,28,7,3,11,19
2024,DEN,8,2023-11-06,H,NOP,W,134,116,,51,95,.537,15,39,.385,36,56,.643,.616,17,23,.739,11,34,45,37,6,5,10,16,45,90,.500,13,30,.433,32,60,.533,.572,13,15,.867,8,30,38,24,6,2,13,18
2024,DEN,9,2023-11-08,H,GSW,W,108,105,,41,92,.446,11,35,.314,30,57,.526,.505,15,22,.682,10,35,45,24,7,4,6,20,37,86,.430,11,35,.314,26,51,.510,.494,20,26,.769,11,38,49,21,5,0,9,20
2024,DEN,10,2023-11-12,A,HOU,L,104,107,,42,91,.462,9,32,.281,33,59,.559,.511,11,14,.786,12,37,49,24,3,5,11,20,37,87,.425,10,32,.313,27,55,.491,.483,23,29,.793,12,33,45,20,7,4,9,16
2024,DEN,11,2023-11-14,H,LAC,W,111,108,,39,73,.534,8,23,.348,31,50,.620,.589,25,32,.781,6,30,36,26,4,2,14,19,37,86,.430,13,29,.448,24,57,.421,.506,21,24,.875,14,28,42,21,10,1,11,24
2024,DEN,12,2023-11-17,A,NOP,L,110,115,,47,96,.490,10,40,.250,37,56,.661,.542,6,12,.500,11,40,51,37,4,3,13,20,46,88,.523,12,23,.522,34,65,.523,.591,11,21,.524,4,35,39,33,8,5,11,13
2024,DEN,13,2023-11-19,A,CLE,L,109,121,,39,82,.476,14,29,.483,25,53,.472,.561,17,23,.739,9,24,33,23,7,5,13,21,45,82,.549,11,27,.407,34,55,.618,.616,20,26,.769,11,36,47,30,6,5,14,18
2024,DEN,14,2023-11-20,A,DET,W,107,103,,40,87,.460,11,28,.393,29,59,.492,.523,16,21,.762,11,32,43,30,7,8,14,17,36,81,.444,7,21,.333,29,60,.483,.488,24,26,.923,11,32,43,21,7,5,18,24
2024,DEN,15,2023-11-22,A,ORL,L,119,124,,44,93,.473,15,35,.429,29,58,.500,.554,16,21,.762,17,25,42,29,6,2,12,25,44,81,.543,10,29,.345,34,52,.654,.605,26,30,.867,11,30,41,27,9,7,12,21
2024,DEN,16,2023-11-24,A,HOU,L,86,105,,32,94,.340,7,30,.233,25,64,.391,.378,15,21,.714,16,30,46,17,8,4,15,14,40,82,.488,12,29,.414,28,53,.528,.561,13,15,.867,6,43,49,25,9,9,14,21
2024,DEN,17,2023-11-26,H,SAS,W,132,120,,50,89,.562,12,28,.429,38,61,.623,.629,20,25,.800,11,34,45,38,8,3,20,25,42,93,.452,14,37,.378,28,56,.500,.527,22,26,.846,10,25,35,34,10,6,15,22
2024,DEN,18,2023-11-27,A,LAC,W,113,104,,44,92,.478,10,22,.455,34,70,.486,.533,15,28,.536,18,34,52,28,8,6,11,22,35,85,.412,6,20,.300,29,65,.446,.447,28,34,.824,16,33,49,18,6,9,13,23
2024,DEN,19,2023-11-29,H,HOU,W,134,124,,48,95,.505,19,43,.442,29,52,.558,.605,19,26,.731,13,28,41,37,4,2,4,18,47,86,.547,16,41,.390,31,45,.689,.640,14,19,.737,8,27,35,27,3,5,9,20
2024,DEN,20,2023-12-01,A,PHO,W,119,111,,50,88,.568,12,32,.375,38,56,.679,.636,7,12,.583,4,28,32,38,8,4,9,21,39,84,.464,9,27,.333,30,57,.526,.518,24,26,.923,8,35,43,22,4,9,12,17
2024,DEN,21,2023-12-02,A,SAC,L,117,123,,49,99,.495,6,25,.240,43,74,.581,.525,13,20,.650,8,38,46,35,9,7,11,14,48,99,.485,16,34,.471,32,65,.492,.566,11,15,.733,9,38,47,33,7,5,11,14
2024,DEN,22,2023-12-06,A,LAC,L,102,111,,41,98,.418,12,31,.387,29,67,.433,.480,8,9,.889,14,32,46,29,7,5,11,20,40,87,.460,12,27,.444,28,60,.467,.529,19,25,.760,13,38,51,21,7,9,11,14
2024,DEN,23,2023-12-08,H,HOU,L,106,114,,38,90,.422,10,28,.357,28,62,.452,.478,20,27,.741,12,35,47,22,4,5,10,24,35,82,.427,13,39,.333,22,43,.512,.506,31,42,.738,11,36,47,21,3,3,10,20
2024,DEN,24,2023-12-11,A,ATL,W,129,122,,47,88,.534,12,29,.414,35,59,.593,.602,23,29,.793,14,35,49,29,9,8,16,19,44,96,.458,17,44,.386,27,52,.519,.547,17,18,.944,13,22,35,25,9,2,10,21
2024,DEN,25,2023-12-12,A,CHI,W,114,106,,39,83,.470,14,30,.467,25,53,.472,.554,22,32,.688,15,31,46,28,4,4,11,20,36,86,.419,13,40,.325,23,46,.500,.494,21,23,.913,11,30,41,26,6,9,14,22
2024,DEN,26,2023-12-14,H,BRK,W,124,101,,47,99,.475,12,36,.333,35,63,.556,.535,18,21,.857,12,36,48,31,13,6,9,15,39,95,.411,8,30,.267,31,65,.477,.453,15,20,.750,18,35,53,28,5,4,16,23
2024,DEN,27,2023-12-16,H,OKC,L,117,118,,42,93,.452,12,32,.375,30,61,.492,.516,21,24,.875,16,30,46,30,5,0,9,22,43,84,.512,7,21,.333,36,63,.571,.554,25,30,.833,9,31,40,22,4,9,11,19
2024,DEN,28,2023-12-18,H,DAL,W,130,104,,49,87,.563,14,26,.538,35,61,.574,.644,18,22,.818,9,37,46,29,7,4,9,19,41,92,.446,13,38,.342,28,54,.519,.516,9,19,.474,15,28,43,19,2,0,11,20
2024,DEN,29,2023-12-20,A,TOR,W,113,104,,49,98,.500,12,33,.364,37,65,.569,.561,3,7,.429,15,31,46,29,9,9,9,13,43,90,.478,9,27,.333,34,63,.540,.528,9,13,.692,10,31,41,26,3,5,11,12
2024,DEN,30,2023-12-22,A,BRK,W,122,117,,45,87,.517,11,26,.423,34,61,.557,.580,21,25,.840,8,33,41,29,6,5,6,19,43,89,.483,13,33,.394,30,56,.536,.556,18,26,.692,14,31,45,32,4,7,11,23
2024,DEN,31,2023-12-23,A,CHO,W,102,95,,39,90,.433,12,30,.400,27,60,.450,.500,12,14,.857,12,36,48,25,11,13,17,21,34,88,.386,8,28,.286,26,60,.433,.432,19,23,.826,13,34,47,23,8,11,18,15
2024,DEN,32,2023-12-25,H,GSW,W,120,114,,40,82,.488,14,34,.412,26,48,.542,.573,26,32,.813,10,33,43,25,6,4,14,17,40,87,.460,14,40,.350,26,47,.553,.540,20,23,.870,9,30,39,23,7,3,13,23
2024,DEN,33,2023-12-28,H,MEM,W,142,105,,55,96,.573,20,41,.488,35,55,.636,.677,12,14,.857,12,41,53,43,6,7,12,19,37,89,.416,13,35,.371,24,54,.444,.489,18,25,.720,11,25,36,23,8,5,11,13
2024,DEN,34,2023-12-29,H,OKC,L,93,119,,36,85,.424,10,37,.270,26,48,.542,.482,11,15,.733,5,31,36,30,6,5,17,17,46,91,.505,12,35,.343,34,56,.607,.571,15,16,.938,10,41,51,29,10,8,12,20
2024,DEN,35,2024-01-01,H,CHO,W,111,93,,41,83,.494,15,38,.395,26,45,.578,.584,14,18,.778,4,40,44,27,9,9,11,15,36,86,.419,10,26,.385,26,60,.433,.477,11,16,.688,8,37,45,24,4,5,14,15
2024,DEN,36,2024-01-04,A,GSW,W,130,127,,48,85,.565,9,26,.346,39,59,.661,.618,25,29,.862,11,25,36,28,7,4,9,15,49,90,.544,15,36,.417,34,54,.630,.628,14,16,.875,9,24,33,35,4,3,10,20
2024,DEN,37,2024-01-05,H,ORL,L,120,122,,48,95,.505,9,33,.273,39,62,.629,.553,15,19,.789,9,29,38,28,8,1,13,23,41,82,.500,17,36,.472,24,46,.522,.604,23,34,.676,11,29,40,25,9,3,15,20
2024,DEN,38,2024-01-07,H,DET,W,131,114,,47,80,.588,10,27,.370,37,53,.698,.650,27,31,.871,6,32,38,35,6,10,14,23,42,89,.472,9,24,.375,33,65,.508,.522,21,30,.700,13,24,37,28,6,0,12,20
2024,DEN,39,2024-01-10,A,UTA,L,111,124,,37,81,.457,13,33,.394,24,48,.500,.537,24,28,.857,8,26,34,26,11,4,16,23,46,83,.554,13,33,.394,33,50,.660,.633,19,23,.826,7,33,40,34,12,8,17,19
2024,DEN,40,2024-01-12,H,NOP,W,125,113,,50,90,.556,14,33,.424,36,57,.632,.633,11,15,.733,10,38,48,30,5,4,17,18,42,89,.472,13,33,.394,29,56,.518,.545,16,22,.727,8,27,35,30,9,3,9,10
2024,DEN,41,2024-01-14,H,IND,W,117,109,,46,71,.648,10,20,.500,36,51,.706,.718,15,23,.652,4,36,40,31,8,3,22,18,43,92,.467,8,29,.276,35,63,.556,.511,15,22,.682,14,23,37,28,11,1,13,21
2024,DEN,42,2024-01-16,A,PHI,L,121,126,,45,89,.506,12,29,.414,33,60,.550,.573,19,25,.760,16,30,46,23,4,3,11,19,43,76,.566,15,31,.484,28,45,.622,.664,25,34,.735,5,27,32,27,6,7,8,21
2024,DEN,43,2024-01-19,A,BOS,W,102,100,,42,81,.519,8,31,.258,34,50,.680,.568,10,13,.769,10,37,47,20,0,3,11,13,38,89,.427,14,44,.318,24,45,.533,.506,10,14,.714,12,26,38,21,5,2,3,17
2024,DEN,44,2024-01-21,A,WAS,W,113,104,,43,88,.489,8,22,.364,35,66,.530,.534,19,28,.679,13,37,50,29,9,11,14,16,39,91,.429,8,27,.296,31,64,.484,.473,18,22,.818,12,28,40,31,6,9,13,23
2024,DEN,45,2024-01-23,A,IND,W,114,109,,44,88,.500,11,33,.333,33,55,.600,.563,15,17,.882,11,31,42,22,5,9,12,17,43,87,.494,5,21,.238,38,66,.576,.523,18,21,.857,7,31,38,24,4,1,10,16
2024,DEN,46,2024-01-25,A,NYK,L,84,122,,34,84,.405,5,26,.192,29,58,.500,.435,11,13,.846,13,27,40,20,2,2,19,20,45,85,.529,15,38,.395,30,47,.638,.618,17,20,.850,12,32,44,26,12,3,10,14
2024,DEN,47,2024-01-27,H,PHI,W,111,105,,37,82,.451,13,37,.351,24,45,.533,.530,24,38,.632,13,31,44,25,5,3,8,15,43,81,.531,6,22,.273,37,59,.627,.568,13,16,.813,6,33,39,25,5,6,11,29
2024,DEN,48,2024-01-29,H,MIL,W,113,107,,44,91,.484,4,18,.222,40,73,.548,.505,21,24,.875,9,38,47,29,7,4,8,22,36,84,.429,16,40,.400,20,44,.455,.524,19,25,.760,7,33,40,24,3,7,13,22
2024,DEN,49,2024-01-31,A,OKC,L,100,105,,37,93,.398,15,37,.405,22,56,.393,.478,11,16,.688,12,35,47,21,7,9,10,23,37,87,.425,11,26,.423,26,61,.426,.489,20,25,.800,15,38,53,24,2,9,13,14
2024,DEN,50,2024-02-02,H,POR,W,120,108,,46,91,.505,12,36,.333,34,55,.618,.571,16,17,.941,16,32,48,34,3,6,12,20,37,80,.463,10,28,.357,27,52,.519,.525,24,30,.800,13,24,37,14,7,4,10,16
2024,DEN,51,2024-02-04,H,POR,W,112,103,,42,86,.488,12,28,.429,30,58,.517,.558,16,19,.842,14,28,42,26,8,6,9,11,39,85,.459,11,31,.355,28,54,.519,.524,14,15,.933,15,27,42,29,6,3,13,16
2024,DEN,52,2024-02-08,A,LAL,W,114,106,,47,97,.485,14,32,.438,33,65,.508,.557,6,7,.857,14,36,50,33,4,6,14,17,41,89,.461,8,25,.320,33,64,.516,.506,16,22,.727,10,29,39,27,12,10,7,10
2024,DEN,53,2024-02-09,A,SAC,L,106,135,,38,82,.463,10,29,.345,28,53,.528,.524,20,28,.714,9,26,35,26,9,5,21,16,51,87,.586,17,34,.500,34,53,.642,.684,16,18,.889,6,36,42,32,11,1,16,22
2024,DEN,54,2024-02-12,A,MIL,L,95,112,,36,94,.383,11,40,.275,25,54,.463,.441,12,17,.706,12,36,48,24,7,2,13,14,42,84,.500,16,34,.471,26,50,.520,.595,12,18,.667,9,42,51,30,8,6,13,19
2024,DEN,55,2024-02-14,H,SAC,L,98,102,,35,89,.393,9,26,.346,26,63,.413,.444,19,22,.864,12,33,45,27,6,5,12,18,39,89,.438,9,33,.273,30,56,.536,.489,15,19,.789,10,38,48,21,7,5,15,18
2024,DEN,56,2024-02-22,H,WAS,W,130,110,,56,101,.554,7,31,.226,49,70,.700,.589,11,15,.733,13,47,60,41,11,11,16,16,40,104,.385,17,38,.447,23,66,.348,.466,13,23,.565,14,26,40,30,14,1,14,15
2024,DEN,57,2024-02-23,A,POR,W,127,112,,50,85,.588,13,33,.394,37,52,.712,.665,14,22,.636,11,34,45,38,8,6,13,17,46,101,.455,8,25,.320,38,76,.500,.495,12,18,.667,19,26,45,25,11,2,11,17
2024,DEN,58,2024-02-25,A,GSW,W,119,103,,43,88,.489,11,32,.344,32,56,.571,.551,22,26,.846,12,33,45,29,10,5,10,20,35,81,.432,11,34,.324,24,47,.511,.500,22,29,.759,11,31,42,27,5,3,17,18
2024,DEN,59,2024-02-28,H,SAC,W,117,96,,46,86,.535,15,35,.429,31,51,.608,.622,10,11,.909,5,38,43,35,10,6,16,17,38,95,.400,12,35,.343,26,60,.433,.463,8,13,.615,15,28,43,28,8,5,14,14
2024,DEN,60,2024-02-29,H,MIA,W,103,97,,36,84,.429,12,34,.353,24,50,.480,.500,19,21,.905,9,32,41,22,10,8,15,23,35,83,.422,7,26,.269,28,57,.491,.464,20,24,.833,9,36,45,21,10,1,15,16
2024,DEN,61,2024-03-02,A,LAL,W,124,114,,54,92,.587,11,26,.423,43,66,.652,.647,5,7,.714,11,36,47,34,5,7,10,8,47,89,.528,12,29,.414,35,60,.583,.596,8,11,.727,6,25,31,33,5,4,7,9
2024,DEN,62,2024-03-05,H,PHO,L,107,117,OT,41,96,.427,15,40,.375,26,56,.464,.505,10,14,.714,10,41,51,25,6,6,15,15,42,96,.438,15,34,.441,27,62,.435,.516,18,22,.818,11,41,52,32,9,7,10,19
2024,DEN,63,2024-03-07,H,BOS,W,115,109,,45,90,.500,4,21,.190,41,69,.594,.522,21,22,.955,8,37,45,27,10,4,8,19,41,91,.451,11,38,.289,30,53,.566,.511,16,25,.640,13,34,47,24,6,3,12,18
2024,DEN,64,2024-03-09,H,UTA,W,142,121,,55,83,.663,19,32,.594,36,51,.706,.777,13,16,.813,5,27,32,40,8,10,14,22,47,94,.500,8,26,.308,39,68,.574,.543,19,25,.760,14,22,36,22,7,2,15,15
2024,DEN,65,2024-03-11,H,TOR,W,125,119,,52,95,.547,10,29,.345,42,66,.636,.600,11,18,.611,11,31,42,36,8,8,9,14,47,93,.505,11,30,.367,36,63,.571,.565,14,17,.824,11,31,42,30,6,4,12,16
2024,DEN,66,2024-03-13,A,MIA,W,100,88,,40,82,.488,11,33,.333,29,49,.592,.555,9,13,.692,7,34,41,24,4,2,10,13,34,80,.425,5,21,.238,29,59,.492,.456,15,18,.833,8,34,42,18,5,2,9,13
2024,DEN,67,2024-03-15,A,SAS,W,117,106,,49,89,.551,10,25,.400,39,64,.609,.607,9,12,.750,7,33,40,37,13,5,13,20,37,81,.457,11,29,.379,26,52,.500,.525,21,27,.778,12,32,44,23,6,4,17,13
2024,DEN,68,2024-03-17,A,DAL,L,105,107,,37,84,.440,12,28,.429,25,56,.446,.512,19,22,.864,6,31,37,26,7,6,8,16,42,100,.420,9,35,.257,33,65,.508,.465,14,21,.667,22,38,60,22,5,5,12,21
2024,DEN,69,2024-03-19,A,MIN,W,115,112,,42,81,.519,14,27,.519,28,54,.519,.605,17,22,.773,11,38,49,26,5,1,17,19,42,88,.477,12,35,.343,30,53,.566,.545,16,23,.696,8,29,37,25,10,7,7,16
2024,DEN,70,2024-03-21,H,NYK,W,113,100,,45,84,.536,6,20,.300,39,64,.609,.571,17,20,.850,9,33,42,31,5,4,10,14,38,79,.481,11,31,.355,27,48,.563,.551,13,17,.765,4,27,31,28,6,6,10,18
2024,DEN,71,2024-03-23,A,POR,W,114,111,,41,91,.451,8,24,.333,33,67,.493,.495,24,33,.727,19,30,49,25,8,9,14,17,43,93,.462,10,28,.357,33,65,.508,.516,15,17,.882,14,31,45,27,8,8,16,24
2024,DEN,72,2024-03-25,H,MEM,W,128,103,,48,90,.533,15,32,.469,33,58,.569,.617,17,18,.944,15,35,50,38,10,7,16,23,37,94,.394,11,44,.250,26,50,.520,.452,18,27,.667,17,23,40,25,9,9,17,15
2024,DEN,73,2024-03-27,H,PHO,L,97,104,,38,88,.432,10,40,.250,28,48,.583,.489,11,12,.917,9,29,38,24,9,4,8,13,39,83,.470,16,33,.485,23,50,.460,.566,10,11,.909,12,39,51,29,3,7,17,13
2024,DEN,74,2024-03-29,H,MIN,L,98,111,,35,88,.398,8,28,.286,27,60,.450,.443,20,27,.741,13,33,46,29,6,1,13,24,38,74,.514,9,28,.321,29,46,.630,.574,26,37,.703,6,33,39,28,6,7,9,20
2024,DEN,75,2024-03-31,H,CLE,W,130,101,,50,87,.575,21,33,.636,29,54,.537,.695,9,13,.692,11,40,51,36,7,4,17,19,38,82,.463,8,25,.320,30,57,.526,.512,17,21,.810,6,22,28,26,10,4,15,12
2024,DEN,76,2024-04-02,H,SAS,W,110,105,,43,98,.439,11,34,.324,32,64,.500,.495,13,16,.813,11,41,52,28,5,10,8,15,42,105,.400,13,44,.295,29,61,.475,.462,8,16,.500,15,44,59,33,4,12,8,19
2024,DEN,77,2024-04-04,A,LAC,L,100,102,,36,83,.434,11,35,.314,25,48,.521,.500,17,25,.680,6,45,51,27,3,4,14,19,34,90,.378,7,33,.212,27,57,.474,.417,27,32,.844,7,41,48,22,10,2,7,20
2024,DEN,78,2024-04-06,H,ATL,W,142,110,,53,88,.602,23,41,.561,30,47,.638,.733,13,16,.813,6,41,47,38,9,7,17,21,37,87,.425,12,37,.324,25,50,.500,.494,24,29,.828,11,27,38,30,8,2,16,18
2024,DEN,79,2024-04-09,A,UTA,W,111,95,,46,94,.489,14,37,.378,32,57,.561,.564,5,11,.455,13,30,43,30,12,12,10,10,36,91,.396,10,31,.323,26,60,.433,.451,13,13,1.000,11,33,44,19,5,2,15,9
2024,DEN,80,2024-04-10,H,MIN,W,116,107,,46,83,.554,11,25,.440,35,58,.603,.620,13,23,.565,11,33,44,31,7,8,14,21,41,82,.500,13,30,.433,28,52,.538,.579,12,21,.571,9,26,35,23,9,5,10,21
2024,DEN,81,2024-04-12,A,SAS,L,120,121,,49,97,.505,13,36,.361,36,61,.590,.572,9,10,.900,6,27,33,31,9,4,9,19,45,85,.529,15,33,.455,30,52,.577,.618,16,23,.696,11,38,49,31,2,4,18,13
2024,DEN,82,2024-04-14,A,MEM,W,126,111,,46,89,.517,12,36,.333,34,53,.642,.584,22,26,.846,16,38,54,32,9,5,18,17,45,100,.450,8,33,.242,37,67,.552,.490,13,18,.722,16,27,43,22,9,2,13,18
2025,DEN,1,2024-10-24,H,OKC,L,87,102,,35,98,.357,7,38,.184,28,60,.467,.393,10,14,.714,17,40,57,29,11,7,16,12,43,101,.426,8,36,.222,35,65,.538,.465,8,12,.667,13,36,49,23,9,13,12,15
2025,DEN,2,2024-10-26,H,LAC,L,104,109,,35,87,.402,14,35,.400,21,52,.404,.483,20,24,.833,10,27,37,20,13,4,10,22,40,82,.488,12,33,.364,28,49,.571,.561,17,21,.810,11,33,44,30,4,5,17,24
2025,DEN,3,2024-10-28,A,TOR,W,127,125,OT,47,96,.490,9,20,.450,38,76,.500,.536,24,30,.800,15,37,52,29,6,6,16,20,49,109,.450,10,35,.286,39,74,.527,.495,17,21,.810,18,36,54,30,7,7,15,27
2025,DEN,4,2024-10-29,A,BRK,W,144,139,OT,46,89,.517,13,27,.481,33,62,.532,.590,39,47,.830,9,34,43,31,3,4,5,22,49,96,.510,20,52,.385,29,44,.659,.615,21,27,.778,7,34,41,37,4,6,9,32
2025,DEN,5,2024-11-01,A,MIN,L,116,119,,41,92,.446,11,32,.344,30,60,.500,.505,23,29,.793,17,29,46,30,11,2,15,18,43,83,.518,18,42,.429,25,41,.610,.627,15,18,.833,8,30,38,34,8,9,17,22
2025,DEN,6,2024-11-02,H,UTA,W,129,103,,48,99,.485,16,32,.500,32,67,.478,.566,17,23,.739,19,33,52,33,14,1,18,25,32,77,.416,13,42,.310,19,35,.543,.500,26,31,.839,8,31,39,24,7,8,24,22
2025,DEN,7,2024-11-04,H,TOR,W,121,119,,41,83,.494,10,31,.323,31,52,.596,.554,29,38,.763,14,30,44,29,9,10,17,21,47,103,.456,13,39,.333,34,64,.531,.519,12,18,.667,14,27,41,38,12,3,14,27
2025,DEN,8,2024-11-06,H,OKC,W,124,122,,42,89,.472,16,38,.421,26,51,.510,.562,24,33,.727,13,42,55,34,8,6,18,22,44,100,.440,16,40,.400,28,60,.467,.520,18,23,.783,13,34,47,29,15,6,14,28
2025,DEN,9,2024-11-08,H,MIA,W,135,122,,50,81,.617,18,35,.514,32,46,.696,.728,17,19,.895,6,33,39,37,5,5,18,13,46,94,.489,20,43,.465,26,51,.510,.596,10,13,.769,9,24,33,33,11,1,14,19
2025,DEN,10,2024-11-10,H,DAL,W,122,120,,45,89,.506,14,29,.483,31,60,.517,.584,18,26,.692,13,32,45,35,6,5,10,16,48,90,.533,10,33,.303,38,57,.667,.589,14,19,.737,10,32,42,29,7,5,10,17
2025,DEN,11,2024-11-15,A,NOP,L,94,101,,37,87,.425,10,37,.270,27,50,.540,.483,10,11,.909,5,33,38,26,10,1,8,16,37,87,.425,11,35,.314,26,52,.500,.489,16,18,.889,17,39,56,21,4,5,15,13
2025,DEN,12,2024-11-17,A,MEM,L,90,105,,35,84,.417,10,31,.323,25,53,.472,.476,10,14,.714,6,33,39,23,9,5,15,12,41,91,.451,13,39,.333,28,52,.538,.522,10,12,.833,10,35,45,31,10,10,13,15
2025,DEN,13,2024-11-19,A,MEM,W,122,110,,48,100,.480,12,36,.333,36,64,.563,.540,14,22,.636,13,40,53,29,15,6,19,29,41,103,.398,9,38,.237,32,65,.492,.442,19,31,.613,19,36,55,24,9,10,22,24
2025,DEN,14,2024-11-22,H,DAL,L,120,123,,43,90,.478,15,29,.517,28,61,.459,.561,19,29,.655,15,27,42,33,4,7,15,19,46,91,.505,10,27,.370,36,64,.563,.560,21,27,.778,12,32,44,24,11,5,13,22
2025,DEN,15,2024-11-23,A,LAL,W,127,102,,50,82,.610,16,32,.500,34,50,.680,.707,11,19,.579,8,40,48,37,7,2,18,18,39,88,.443,13,36,.361,26,52,.500,.517,11,14,.786,6,26,32,27,11,3,15,16
2025,DEN,16,2024-11-25,H,NYK,L,118,145,,41,92,.446,11,33,.333,30,59,.508,.505,25,27,.926,10,23,33,23,5,3,11,18,56,92,.609,19,36,.528,37,56,.661,.712,14,16,.875,8,35,43,45,5,4,11,23
2025,DEN,17,2024-11-27,A,UTA,W,122,103,,46,84,.548,11,33,.333,35,51,.686,.613,19,23,.826,10,29,39,30,10,8,11,14,38,90,.422,16,43,.372,22,47,.468,.511,11,18,.611,21,26,47,25,7,5,19,17
2025,DEN,18,2024-12-01,A,LAC,L,122,126,,51,88,.580,10,24,.417,41,64,.641,.636,10,19,.526,8,31,39,37,7,3,14,17,43,90,.478,18,39,.462,25,51,.490,.578,22,27,.815,13,29,42,28,8,4,14,16
2025,DEN,19,2024-12-03,H,GSW,W,119,115,,40,79,.506,11,24,.458,29,55,.527,.576,28,35,.800,4,34,38,32,9,5,15,15,44,95,.463,12,38,.316,32,57,.561,.526,15,21,.714,11,37,48,36,12,3,15,25
2025,DEN,20,2024-12-05,A,CLE,L,114,126,,46,96,.479,6,24,.250,40,72,.556,.510,16,22,.727,9,40,49,25,12,5,16,13,47,94,.500,22,48,.458,25,46,.543,.617,10,16,.625,9,38,47,32,9,3,17,17
2025,DEN,21,2024-12-07,A,WAS,L,113,122,,46,95,.484,5,25,.200,41,70,.586,.511,16,27,.593,16,32,48,34,11,6,15,23,45,93,.484,16,41,.390,29,52,.558,.570,16,22,.727,15,31,46,31,9,12,17,21
2025,DEN,22,2024-12-08,A,ATL,W,141,111,,56,89,.629,12,27,.444,44,62,.710,.697,17,24,.708,7,36,43,43,9,5,20,22,41,101,.406,9,40,.225,32,61,.525,.450,20,27,.741,19,26,45,26,12,2,12,22
2025,DEN,23,2024-12-13,H,LAC,W,120,98,,42,77,.545,10,29,.345,32,48,.667,.610,26,32,.813,5,41,46,23,15,2,22,16,37,83,.446,14,41,.341,23,42,.548,.530,10,18,.556,5,26,31,24,18,2,19,22
2025,DEN,24,2024-12-16,A,SAC,W,130,129,,51,102,.500,10,28,.357,41,74,.554,.549,18,24,.750,15,40,55,38,9,4,15,18,49,102,.480,12,35,.343,37,67,.552,.539,19,20,.950,11,31,42,28,10,9,11,23
2025,DEN,25,2024-12-19,A,POR,L,124,126,,47,87,.540,15,34,.441,32,53,.604,.626,15,21,.714,8,32,40,35,7,3,11,20,45,97,.464,16,46,.348,29,51,.569,.546,20,24,.833,15,30,45,29,7,7,10,18
2025,DEN,26,2024-12-22,A,NOP,W,132,129,OT,49,97,.505,10,33,.303,39,64,.609,.557,24,32,.750,14,40,54,34,10,8,22,19,50,108,.463,12,40,.300,38,68,.559,.519,17,23,.739,9,34,43,37,16,9,15,23
2025,DEN,27,2024-12-23,H,PHO,W,117,90,,46,90,.511,16,41,.390,30,49,.612,.600,9,11,.818,11,35,46,35,6,4,12,15,33,83,.398,13,33,.394,20,50,.400,.476,11,15,.733,9,30,39,23,6,5,15,13
2025,DEN,28,2024-12-25,A,PHO,L,100,110,,36,78,.462,8,29,.276,28,49,.571,.513,20,28,.714,14,32,46,20,3,2,16,16,41,88,.466,11,36,.306,30,52,.577,.528,17,20,.850,12,30,42,31,12,4,9,17
2025,DEN,29,2024-12-27,H,CLE,L,135,149,,53,94,.564,15,31,.484,38,63,.603,.644,14,18,.778,8,30,38,39,8,3,13,20,54,96,.563,23,48,.479,31,48,.646,.682,18,22,.818,9,29,38,40,10,7,11,17
2025,DEN,30,2024-12-28,H,DET,W,134,121,,46,82,.561,13,27,.481,33,55,.600,.640,29,36,.806,8,32,40,29,9,6,14,18,46,95,.484,12,39,.308,34,56,.607,.547,17,23,.739,15,26,41,29,8,1,12,25
2025,DEN,31,2024-12-30,A,UTA,W,132,121,,53,105,.505,9,30,.300,44,75,.587,.548,17,19,.895,17,34,51,38,13,3,7,17,44,86,.512,13,38,.342,31,48,.646,.587,20,22,.909,7,30,37,28,6,2,16,17
2025,DEN,32,2025-01-01,H,ATL,W,139,120,,53,94,.564,12,30,.400,41,64,.641,.628,21,21,1.000,4,39,43,44,8,5,13,16,45,100,.450,16,46,.348,29,54,.537,.530,14,21,.667,12,32,44,34,10,5,14,16
2025,DEN,33,2025-01-03,H,SAS,L,110,113,,42,97,.433,15,39,.385,27,58,.466,.510,11,16,.688,10,36,46,33,7,7,8,13,46,99,.465,13,36,.361,33,63,.524,.530,8,13,.615,14,42,56,31,4,3,13,15
2025,DEN,34,2025-01-04,A,SAS,W,122,111,OT,47,108,.435,10,33,.303,37,75,.493,.481,18,23,.783,14,44,58,32,11,7,7,17,41,104,.394,13,48,.271,28,56,.500,.457,16,18,.889,13,45,58,28,3,7,14,20
2025,DEN,35,2025-01-07,H,BOS,L,106,118,,40,87,.460,14,36,.389,26,51,.510,.540,12,15,.800,13,26,39,22,6,6,16,17,44,88,.500,12,35,.343,32,53,.604,.568,18,20,.900,11,30,41,30,11,7,12,13
2025,DEN,36,2025-01-08,H,LAC,W,126,103,,49,89,.551,17,35,.486,32,54,.593,.646,11,17,.647,7,38,45,29,7,3,12,24,30,80,.375,11,38,.289,19,42,.452,.444,32,40,.800,9,31,40,14,8,6,12,15
2025,DEN,37,2025-01-10,H,BRK,W,124,105,,45,87,.517,9,24,.375,36,63,.571,.569,25,33,.758,12,37,49,34,12,5,15,18,38,90,.422,14,45,.311,24,45,.533,.500,15,19,.789,10,29,39,26,9,5,17,24
2025,DEN,38,2025-01-12,A,DAL,W,112,101,,46,94,.489,7,32,.219,39,62,.629,.527,13,20,.650,15,40,55,23,6,5,14,19,35,85,.412,12,34,.353,23,51,.451,.482,19,25,.760,8,29,37,27,7,5,12,20
2025,DEN,39,2025-01-14,A,DAL,W,118,99,,43,83,.518,13,29,.448,30,54,.556,.596,19,22,.864,11,40,51,28,9,7,20,20,38,90,.422,9,32,.281,29,58,.500,.472,14,22,.636,8,22,30,27,14,6,12,17
2025,DEN,40,2025-01-15,H,HOU,L,108,128,,40,75,.533,14,29,.483,26,46,.565,.627,14,21,.667,9,27,36,22,4,7,20,16,49,94,.521,17,38,.447,32,56,.571,.612,13,17,.765,14,26,40,28,14,6,11,19
2025,DEN,41,2025-01-17,A,MIA,W,133,113,,50,92,.543,16,33,.485,34,59,.576,.630,17,19,.895,7,34,41,35,5,1,6,10,45,91,.495,9,33,.273,36,58,.621,.544,14,14,1.000,6,35,41,30,2,0,8,15
2025,DEN,42,2025-01-19,A,ORL,W,113,100,,40,77,.519,7,25,.280,33,52,.635,.565,26,31,.839,13,44,57,24,6,8,21,16,38,102,.373,12,41,.293,26,61,.426,.431,12,16,.750,16,23,39,30,15,6,7,19
2025,DEN,43,2025-01-21,H,PHI,W,144,109,,52,85,.612,16,31,.516,36,54,.667,.706,24,25,.960,14,37,51,39,7,4,14,10,44,96,.458,15,38,.395,29,58,.500,.536,6,8,.750,8,17,25,34,7,4,10,20
2025,DEN,44,2025-01-23,H,SAC,W,132,123,,49,101,.485,13,37,.351,36,64,.563,.550,21,31,.677,15,41,56,30,10,8,11,14,47,107,.439,15,41,.366,32,66,.485,.509,14,19,.737,17,36,53,31,5,3,13,20
2025,DEN,45,2025-01-25,A,MIN,L,104,133,,43,88,.489,11,32,.344,32,56,.571,.551,7,13,.538,14,22,36,32,7,3,20,13,53,95,.558,14,30,.467,39,65,.600,.632,13,15,.867,18,27,45,38,14,4,16,14
2025,DEN,46,2025-01-27,A,CHI,L,121,129,,52,100,.520,6,27,.222,46,73,.630,.550,11,11,1.000,12,30,42,36,13,5,15,11,49,98,.500,24,53,.453,25,45,.556,.622,7,8,.875,13,34,47,35,11,5,17,14
2025,DEN,47,2025-01-29,A,NYK,L,112,122,,41,84,.488,10,28,.357,31,56,.554,.548,20,23,.870,11,36,47,21,3,5,14,19,48,93,.516,14,34,.412,34,59,.576,.591,12,18,.667,6,29,35,33,7,2,6,16
2025,DEN,48,2025-01-31,A,PHI,W,137,134,,54,82,.659,12,23,.522,42,59,.712,.732,17,18,.944,9,26,35,39,7,2,19,17,50,90,.556,21,40,.525,29,50,.580,.672,13,16,.813,11,16,27,29,12,3,14,16
2025,DEN,49,2025-02-01,A,CHO,W,107,104,,41,88,.466,7,37,.189,34,51,.667,.506,18,20,.900,8,35,43,29,9,9,11,16,41,95,.432,9,26,.346,32,69,.464,.479,13,17,.765,13,38,51,31,5,6,12,13
2025,DEN,50,2025-02-03,H,NOP,W,125,113,,46,92,.500,12,33,.364,34,59,.576,.565,21,26,.808,14,32,46,28,7,6,6,16,38,88,.432,18,38,.474,20,50,.400,.534,19,22,.864,14,27,41,27,5,4,10,21
2025,DEN,51,2025-02-05,H,NOP,W,144,119,,57,100,.570,16,43,.372,41,57,.719,.650,14,15,.933,13,38,51,40,9,4,9,21,43,93,.462,10,29,.345,33,64,.516,.516,23,26,.885,10,28,38,26,5,3,11,10
2025,DEN,52,2025-02-06,H,ORL,W,112,90,,44,83,.530,12,30,.400,32,53,.604,.602,12,21,.571,12,40,52,33,7,4,20,22,31,84,.369,5,31,.161,26,53,.491,.399,23,30,.767,13,27,40,21,10,8,14,15
2025,DEN,53,2025-02-08,A,PHO,W,122,105,,45,92,.489,16,35,.457,29,57,.509,.576,16,17,.941,15,41,56,28,5,4,10,13,38,98,.388,17,50,.340,21,48,.438,.474,12,15,.800,17,26,43,25,5,6,6,15
2025,DEN,54,2025-02-10,H,POR,W,146,117,,60,91,.659,8,25,.320,52,66,.788,.703,18,20,.900,6,32,38,44,12,2,10,23,40,88,.455,15,37,.405,25,51,.490,.540,22,26,.846,10,23,33,25,4,4,16,20
2025,DEN,55,2025-02-12,H,POR,W,132,121,,49,96,.510,15,38,.395,34,58,.586,.589,19,24,.792,12,37,49,26,9,7,14,20,43,94,.457,14,38,.368,29,56,.518,.532,21,29,.724,14,31,45,27,7,6,12,19
2025,DEN,56,2025-02-20,H,CHO,W,129,115,,49,98,.500,19,43,.442,30,55,.545,.597,12,16,.750,16,39,55,29,3,3,14,14,43,99,.434,15,37,.405,28,62,.452,.510,14,17,.824,14,31,45,28,10,2,10,21
2025,DEN,57,2025-02-22,H,LAL,L,100,123,,34,85,.400,16,41,.390,18,44,.409,.494,16,21,.762,12,33,45,28,6,1,22,18,43,86,.500,16,41,.390,27,45,.600,.593,21,25,.840,9,30,39,27,15,9,9,20
2025,DEN,58,2025-02-24,A,IND,W,125,116,,53,94,.564,8,21,.381,45,73,.616,.606,11,14,.786,14,32,46,39,8,4,20,21,40,85,.471,14,43,.326,26,42,.619,.553,22,27,.815,8,24,32,29,11,3,18,14
2025,DEN,59,2025-02-27,A,MIL,L,112,121,,47,105,.448,9,34,.265,38,71,.535,.490,9,11,.818,14,41,55,28,8,2,13,17,42,90,.467,14,34,.412,28,56,.500,.544,23,28,.821,7,41,48,25,8,4,11,11
2025,DEN,60,2025-02-28,A,DET,W,134,119,,47,84,.560,17,31,.548,30,53,.566,.661,23,31,.742,10,40,50,28,5,8,20,18,45,99,.455,12,37,.324,33,62,.532,.515,17,23,.739,14,28,42,32,15,3,11,22
2025,DEN,61,2025-03-02,A,BOS,L,103,110,,41,86,.477,12,35,.343,29,51,.569,.547,9,13,.692,8,30,38,27,11,2,12,18,37,78,.474,14,34,.412,23,44,.523,.564,22,27,.815,10,35,45,26,7,4,14,18
2025,DEN,62,2025-03-05,H,SAC,W,116,110,,40,87,.460,12,35,.343,28,52,.538,.529,24,30,.800,11,35,46,28,5,8,13,14,44,96,.458,11,27,.407,33,69,.478,.516,11,14,.786,14,31,45,22,8,6,12,20
2025,DEN,63,2025-03-07,H,PHO,W,149,141,OT,57,97,.588,21,40,.525,36,57,.632,.696,14,18,.778,8,30,38,45,8,3,9,22,51,91,.560,16,38,.421,35,53,.660,.648,23,29,.793,7,32,39,36,6,2,13,18
2025,DEN,64,2025-03-09,A,OKC,L,103,127,,40,97,.412,12,40,.300,28,57,.491,.474,11,20,.550,14,34,48,22,3,6,8,18,46,94,.489,13,38,.342,33,56,.589,.559,22,25,.880,10,46,56,25,5,14,5,20
2025,DEN,65,2025-03-10,A,OKC,W,140,127,,52,86,.605,18,32,.563,34,54,.630,.709,18,20,.900,9,34,43,32,6,5,12,18,47,100,.470,19,47,.404,28,53,.528,.565,14,16,.875,13,24,37,29,9,6,11,16
